query_id,doc_id,dataset,split,question,answer,answer_type,is_unanswerable,gold_block_ids,gold_evidence_texts,evidence_match_score,question_type,difficulty,source_question_id,metadata
qasper_train_1909.00694_q_753990d0b621d390ed58f20c,qasper_train_1909.00694,qasper,train,What is the seed lexicon?,a vocabulary of positive and negative predicates that helps determine the polarity score of an event | seed lexicon consists of positive and negative predicates,extractive,False,"[""qasper_train_1909.00694_paragraph_00020"", ""qasper_train_1909.00694_paragraph_00065""]","[""The seed lexicon consists of positive and negative predicates. If the predicate of an extracted event is in the seed lexicon and does not involve complex phenomena like negation, we assign the corresponding polarity score ($+1$ for positive events and $-1$ for negative events) to the event. We expect the model to automatically learn complex phenomena through label propagation. Based on the availability of scores and the types of discourse relations, we classify the extracted event pairs into the following three types."", ""The seed lexicon consists of positive and negative predicates. If the predicate of an extracted event is in the seed lexicon and does not involve complex phenomena like negation, we assign the corresponding polarity score ($+1$ for positive events and $-1$ for negative events) to the event."", ""It is a""]",0.7692333333333333,evidence_qa,nlp=two;topic=unfamiliar;paper_read=no,753990d0b621d390ed58f20c4d9e4f065f0dc672,"{""nlp_background"": ""two"", ""topic_background"": ""unfamiliar"", ""paper_read"": ""no"", ""answer_count"": 2}"
qasper_train_1909.00694_q_9d578ddccc27dd849244d632,qasper_train_1909.00694,qasper,train,What are the results?,"Using all data to train: AL -- BiGRU achieved 0.843 accuracy, AL -- BERT achieved 0.863 accuracy, AL+CA+CO -- BiGRU achieved 0.866 accuracy, AL+CA+CO -- BERT achieved 0.835, accuracy, ACP -- BiGRU achieved 0.919 accuracy, ACP -- BERT achived 0.933, accuracy, ACP+AL+CA+CO -- BiGRU achieved 0.917 accuracy, ACP+AL+CA+CO -- BERT achieved 0.913 accuracy. Using a subset to train: BERT achieved 0.876 accuracy using ACP (6K), BERT achieved 0.886 accuracy using ACP (6K) + AL, BiGRU achieved 0.830 accuracy using ACP (6K), BiGRU achieved 0.879 accuracy using ACP (6K) + AL + CA + CO.",free_form,False,"[""qasper_train_1909.00694_table_00088"", ""qasper_train_1909.00694_table_00089"", ""qasper_train_1909.00694_paragraph_00054"", ""qasper_train_1909.00694_paragraph_00056""]","[""FLOAT SELECTED: Table 3: Performance of various models on the ACP test set."", ""FLOAT SELECTED: Table 4: Results for small labeled training data. Given the performance with the full dataset, we show BERT trained only with the AL data."", ""As for ${\\rm Encoder}$, we compared two types of neural networks: BiGRU and BERT. GRU BIBREF16 is a recurrent neural network sequence encoder. BiGRU reads an input sequence forward and backward and the output is the concatenation of the final forward and backward hidden states."", ""We trained the model with the following four combinations of the datasets: AL, AL+CA+CO (two proposed models), ACP (supervised), and ACP+AL+CA+CO (semi-supervised). The corresponding objective functions were: $\\mathcal {L}_{\\rm AL}$, $\\mathcal {L}_{\\rm AL} + \\mathcal {L}_{\\rm CA} + \\mathcal {L}_{\\rm CO}$, $\\mathcal {L}_{\\rm ACP}$, and $\\mathcal {L}_{\\rm ACP} + \\mathcal {L}_{\\rm AL} + \\mathcal {L}_{\\rm CA} + \\mathcal {L}_{\\rm CO}$."", ""As for ${\\rm Encoder}$, we compared two types of neural networks: BiGRU and BERT.""]",0.9800000000000001,evidence_qa,nlp=two;topic=unfamiliar;paper_read=no,9d578ddccc27dd849244d632dd0f6bf27348ad81,"{""nlp_background"": ""two"", ""topic_background"": ""unfamiliar"", ""paper_read"": ""no"", ""answer_count"": 1}"
qasper_train_1909.00694_q_02e4bf719b1a504e385c35c6,qasper_train_1909.00694,qasper,train,How are relations used to propagate polarity?,"based on the relation between events, the suggested polarity of one event can determine the possible polarity of the other event | cause relation: both events in the relation should have the same polarity; concession relation: events should have opposite polarity",free_form,False,"[""qasper_train_1909.00694_paragraph_00007"", ""qasper_train_1909.00694_paragraph_00020""]","[""In this paper, we propose a simple and effective method for learning affective events that only requires a very small seed lexicon and a large raw corpus. As illustrated in Figure FIGREF1, our key idea is that we can exploit discourse relations BIBREF4 to efficiently propagate polarity from seed predicates that directly report one's emotions (e.g., “to be glad” is positive). Suppose that events $x_1$ are $x_2$ are in the discourse relation of Cause (i.e., $x_1$ causes $x_2$). If the seed lexicon suggests $x_2$ is positive, $x_1$ is also likely to be positive because it triggers the positive emotion. The fact that $x_2$ is known to be negative indicates the negative polarity of $x_1$. Similarly, if $x_1$ and $x_2$ are in the discourse relation of Concession (i.e., $x_2$ in spite of $x_1$), the reverse of $x_2$'s polarity can be propagated to $x_1$. Even if $x_2$'s polarity is not known in advance, we can exploit the tendency of $x_1$ and $x_2$ to be of the same polarity (for Cause) or of the reverse polarity (for Concession) although the heuristic is not exempt from counterexamples. We transform this idea into objective functions and train neural network models that predict the polarity of a given event."", ""As illustrated in Figure FIGREF1, our key idea is that we can exploit discourse relations BIBREF4 to efficiently propagate polarity from seed predicates that directly report one's emotions (e.g., “to be glad” is positive). Suppose that events $x_1$ are $x_2$ are in the discourse relation of Cause (i.e., $x_1$ causes $x_2$). If the seed lexicon suggests $x_2$ is positive, $x_1$ is also likely to be positive because it triggers the positive emotion. The fact that $x_2$ is known to be negative indicates the negative polarity of $x_1$. Similarly, if $x_1$ and $x_2$ are in the discourse relation of Concession (i.e., $x_2$ in spite of $x_1$), the reverse of $x_2$'s polarity can be propagated to $x_1$. Even if $x_2$'s polarity is not known in advance, we can exploit the tendency of $x_1$ and $x_2$ to be of the same polarity (for Cause) or of the reverse polarity (for Concession) although the heuristic is not exempt from counterexamples. We transform this idea into objective functions and train neural network models that predict the polarity of a given event."", ""The seed lexicon consists of positive and negative predicates. If the predicate of an extracted event is in the seed lexicon and does not involve complex phenomena like negation, we assign the corresponding polarity score ($+1$ for positive events and $-1$ for negative events) to the event. We expect the model to automatically learn complex phenomena through label propagation. Based on the availability of scores and the types of discourse relations, we classify the extracted event pairs into the following three types."", ""The seed lexicon consists of positive and negative predicates. If the predicate of an extracted event is in the seed lexicon and does not involve complex phenomena like negation, we assign the corresponding polarity score ($+1$ for positive events and $-1$ for negative events) to the event. We expect the model to automatically learn complex phenomena through label propagation.""]",1.0,evidence_qa,nlp=two;topic=unfamiliar;paper_read=no,02e4bf719b1a504e385c35c6186742e720bcb281,"{""nlp_background"": ""two"", ""topic_background"": ""unfamiliar"", ""paper_read"": ""no"", ""answer_count"": 2}"
qasper_train_1909.00694_q_44c4bd6decc86f1091b5fc07,qasper_train_1909.00694,qasper,train,How big is the Japanese data?,"7000000 pairs of events were extracted from the Japanese Web corpus, 529850 pairs of events were extracted from the ACP corpus | The ACP corpus has around 700k events split into positive and negative polarity",free_form,False,"[""qasper_train_1909.00694_paragraph_00038"", ""qasper_train_1909.00694_paragraph_00042"", ""qasper_train_1909.00694_table_00085"", ""qasper_train_1909.00694_paragraph_00044"", ""qasper_train_1909.00694_paragraph_00049"", ""qasper_train_1909.00694_table_00086""]","[""As a raw corpus, we used a Japanese web corpus that was compiled through the procedures proposed by BIBREF13. To extract event pairs tagged with discourse relations, we used the Japanese dependency parser KNP and in-house postprocessing scripts BIBREF14. KNP used hand-written rules to segment each sentence into what we conventionally called clauses (mostly consecutive text chunks), each of which contained one main predicate. KNP also identified the discourse relations of event pairs if explicit discourse connectives BIBREF4 such as “ので” (because) and “のに” (in spite of) were present. We treated Cause/Reason (原因・理由) and Condition (条件) in the original tagset BIBREF15 as Cause and Concession (逆接) as Concession, respectively. Here is an example of event pair extraction."", ""We constructed our seed lexicon consisting of 15 positive words and 15 negative words, as shown in Section SECREF27. From the corpus of about 100 million sentences, we obtained 1.4 millions event pairs for AL, 41 millions for CA, and 6 millions for CO. We randomly selected subsets of AL event pairs such that positive and negative latter events were equal in size. We also sampled event pairs for each of CA and CO such that it was five times larger than AL. The results are shown in Table TABREF16."", ""FLOAT SELECTED: Table 1: Statistics of the AL, CA, and CO datasets."", ""We used the latest version of the ACP Corpus BIBREF12 for evaluation. It was used for (semi-)supervised training as well. Extracted from Japanese websites using HTML layouts and linguistic patterns, the dataset covered various genres. For example, the following two sentences were labeled positive and negative, respectively:"", ""Although the ACP corpus was originally constructed in the context of sentiment analysis, we found that it could roughly be regarded as a collection of affective events. We parsed each sentence and extracted the last clause in it. The train/dev/test split of the data is shown in Table TABREF19."", ""FLOAT SELECTED: Table 2: Details of the ACP dataset."", ""As a raw corpus, we used a Japanese web corpus that was compiled through the procedures proposed by BIBREF13."", ""From the corpus of about 100 million sentences, we obtained 1.4 millions event pairs for AL, 41 millions for CA, and 6 millions for CO. We randomly selected subsets of AL event pairs such that positive and negative latter events were equal in size. We also sampled event pairs for each of CA and CO such that it was five times larger than AL. The results are shown in Table TABREF16."", ""We used the latest version of the ACP Corpus BIBREF12 for evaluation. It was used for (semi-)supervised training as well.""]",0.9878444444444443,evidence_qa,nlp=two;topic=unfamiliar;paper_read=no,44c4bd6decc86f1091b5fc0728873d9324cdde4e,"{""nlp_background"": ""two"", ""topic_background"": ""unfamiliar"", ""paper_read"": ""no"", ""answer_count"": 2}"
qasper_train_1909.00694_q_86abeff85f3db79cf87a8c99,qasper_train_1909.00694,qasper,train,What are labels available in dataset for supervision?,negative | positive,extractive,False,"[""qasper_train_1909.00694_paragraph_00005""]","[""Affective events BIBREF0 are events that typically affect people in positive or negative ways. For example, getting money and playing sports are usually positive to the experiencers; catching cold and losing one's wallet are negative. Understanding affective events is important to various natural language processing (NLP) applications such as dialogue systems BIBREF1, question-answering systems BIBREF2, and humor recognition BIBREF3. In this paper, we work on recognizing the polarity of an affective event that is represented by a score ranging from $-1$ (negative) to 1 (positive)."", ""In this paper, we work on recognizing the polarity of an affective event that is represented by a score ranging from $-1$ (negative) to 1 (positive).""]",1.0,evidence_qa,nlp=zero;topic=unfamiliar;paper_read=no,86abeff85f3db79cf87a8c993e5e5aa61226dc98,"{""nlp_background"": ""zero"", ""topic_background"": ""unfamiliar"", ""paper_read"": ""no"", ""answer_count"": 1}"
qasper_train_1909.00694_q_c029deb7f99756d2669abad0,qasper_train_1909.00694,qasper,train,How big are improvements of supervszed learning results trained on smalled labeled data enhanced with proposed approach copared to basic approach?,3%,free_form,False,"[""qasper_train_1909.00694_table_00089""]","[""FLOAT SELECTED: Table 4: Results for small labeled training data. Given the performance with the full dataset, we show BERT trained only with the AL data.""]",0.95,evidence_qa,nlp=zero;topic=unfamiliar;paper_read=no,c029deb7f99756d2669abad0a349d917428e9c12,"{""nlp_background"": ""zero"", ""topic_background"": ""unfamiliar"", ""paper_read"": ""no"", ""answer_count"": 1}"
qasper_train_1909.00694_q_39f8db10d949c6b477fa4b51,qasper_train_1909.00694,qasper,train,How does their model learn using mostly raw data?,by exploiting discourse relations to propagate polarity from seed predicates to final sentiment polarity,free_form,False,"[""qasper_train_1909.00694_paragraph_00007""]","[""In this paper, we propose a simple and effective method for learning affective events that only requires a very small seed lexicon and a large raw corpus. As illustrated in Figure FIGREF1, our key idea is that we can exploit discourse relations BIBREF4 to efficiently propagate polarity from seed predicates that directly report one's emotions (e.g., “to be glad” is positive). Suppose that events $x_1$ are $x_2$ are in the discourse relation of Cause (i.e., $x_1$ causes $x_2$). If the seed lexicon suggests $x_2$ is positive, $x_1$ is also likely to be positive because it triggers the positive emotion. The fact that $x_2$ is known to be negative indicates the negative polarity of $x_1$. Similarly, if $x_1$ and $x_2$ are in the discourse relation of Concession (i.e., $x_2$ in spite of $x_1$), the reverse of $x_2$'s polarity can be propagated to $x_1$. Even if $x_2$'s polarity is not known in advance, we can exploit the tendency of $x_1$ and $x_2$ to be of the same polarity (for Cause) or of the reverse polarity (for Concession) although the heuristic is not exempt from counterexamples. We transform this idea into objective functions and train neural network models that predict the polarity of a given event."", ""In this paper, we propose a simple and effective method for learning affective events that only requires a very small seed lexicon and a large raw corpus. As illustrated in Figure FIGREF1, our key idea is that we can exploit discourse relations BIBREF4 to efficiently propagate polarity from seed predicates that directly report one's emotions (e.g., “to be glad” is positive).""]",1.0,evidence_qa,nlp=zero;topic=unfamiliar;paper_read=no,39f8db10d949c6b477fa4b51e7c184016505884f,"{""nlp_background"": ""zero"", ""topic_background"": ""unfamiliar"", ""paper_read"": ""no"", ""answer_count"": 1}"
qasper_train_1909.00694_q_d0bc782961567dc1dd7e074b,qasper_train_1909.00694,qasper,train,How big is seed lexicon used for training?,30 words,free_form,False,"[""qasper_train_1909.00694_paragraph_00042""]","[""We constructed our seed lexicon consisting of 15 positive words and 15 negative words, as shown in Section SECREF27. From the corpus of about 100 million sentences, we obtained 1.4 millions event pairs for AL, 41 millions for CA, and 6 millions for CO. We randomly selected subsets of AL event pairs such that positive and negative latter events were equal in size. We also sampled event pairs for each of CA and CO such that it was five times larger than AL. The results are shown in Table TABREF16."", ""We constructed our seed lexicon consisting of 15 positive words and 15 negative words, as shown in Section SECREF27.""]",1.0,evidence_qa,nlp=zero;topic=unfamiliar;paper_read=no,d0bc782961567dc1dd7e074b621a6d6be44bb5b4,"{""nlp_background"": ""zero"", ""topic_background"": ""unfamiliar"", ""paper_read"": ""no"", ""answer_count"": 1}"
qasper_train_1909.00694_q_a592498ba2fac994cd6fad73,qasper_train_1909.00694,qasper,train,How large is raw corpus used for training?,100 million sentences,extractive,False,"[""qasper_train_1909.00694_paragraph_00038"", ""qasper_train_1909.00694_paragraph_00042""]","[""As a raw corpus, we used a Japanese web corpus that was compiled through the procedures proposed by BIBREF13. To extract event pairs tagged with discourse relations, we used the Japanese dependency parser KNP and in-house postprocessing scripts BIBREF14. KNP used hand-written rules to segment each sentence into what we conventionally called clauses (mostly consecutive text chunks), each of which contained one main predicate. KNP also identified the discourse relations of event pairs if explicit discourse connectives BIBREF4 such as “ので” (because) and “のに” (in spite of) were present. We treated Cause/Reason (原因・理由) and Condition (条件) in the original tagset BIBREF15 as Cause and Concession (逆接) as Concession, respectively. Here is an example of event pair extraction."", ""We constructed our seed lexicon consisting of 15 positive words and 15 negative words, as shown in Section SECREF27. From the corpus of about 100 million sentences, we obtained 1.4 millions event pairs for AL, 41 millions for CA, and 6 millions for CO. We randomly selected subsets of AL event pairs such that positive and negative latter events were equal in size. We also sampled event pairs for each of CA and CO such that it was five times larger than AL. The results are shown in Table TABREF16."", ""As a raw corpus, we used a Japanese web corpus that was compiled through the procedures proposed by BIBREF13."", ""From the corpus of about 100 million sentences, we obtained 1.4 millions event pairs for AL, 41 millions for CA, and 6 millions for CO.""]",0.99765,evidence_qa,nlp=zero;topic=unfamiliar;paper_read=no,a592498ba2fac994cd6fad7372836f0adb37e22a,"{""nlp_background"": ""zero"", ""topic_background"": ""unfamiliar"", ""paper_read"": ""no"", ""answer_count"": 1}"
qasper_train_2003.07723_q_3a9d391d25cde8af3334ac62,qasper_train_2003.07723,qasper,train,Does the paper report macro F1?,True,yes_no,False,"[""qasper_train_2003.07723_table_00115"", ""qasper_train_2003.07723_paragraph_00091""]","[""FLOAT SELECTED: Table 7: Recall and precision scores of the best model (dbmdz) for each emotion on the test set. ‘Support’ signifies the number of labels."", ""We find that the multilingual model cannot handle infrequent categories, i.e., Awe/Sublime, Suspense and Humor. However, increasing the dataset with English data improves the results, suggesting that the classification would largely benefit from more annotated data. The best model overall is DBMDZ (.520), showing a balanced response on both validation and test set. See Table TABREF37 for a breakdown of all emotions as predicted by the this model. Precision is mostly higher than recall. The labels Awe/Sublime, Suspense and Humor are harder to predict than the other labels."", ""See Table TABREF37 for a breakdown of all emotions as predicted by the this model.""]",0.9806333333333334,evidence_qa,nlp=two;topic=unfamiliar;paper_read=no,3a9d391d25cde8af3334ac62d478b36b30079d74,"{""nlp_background"": ""two"", ""topic_background"": ""unfamiliar"", ""paper_read"": ""no"", ""answer_count"": 2}"
qasper_train_2003.07723_q_8d8300d88283c73424c8f301,qasper_train_2003.07723,qasper,train,How is the annotation experiment evaluated?,confusion matrices of labels between annotators,extractive,False,"[""qasper_train_2003.07723_paragraph_00064""]","[""We find that Cohen $\\kappa $ agreement ranges from .84 for Uneasiness in the English data, .81 for Humor and Nostalgia, down to German Suspense (.65), Awe/Sublime (.61) and Vitality for both languages (.50 English, .63 German). Both annotators have a similar emotion frequency profile, where the ranking is almost identical, especially for German. However, for English, Annotator 2 annotates more Vitality than Uneasiness. Figure FIGREF18 shows the confusion matrices of labels between annotators as heatmaps. Notably, Beauty/Joy and Sadness are confused across annotators more often than other labels. This is topical for poetry, and therefore not surprising: One might argue that the beauty of beings and situations is only beautiful because it is not enduring and therefore not to divorce from the sadness of the vanishing of beauty BIBREF48. We also find considerable confusion of Sadness with Awe/Sublime and Vitality, while the latter is also regularly confused with Beauty/Joy."", ""Figure FIGREF18 shows the confusion matrices of labels between annotators as heatmaps.""]",0.9687,evidence_qa,nlp=two;topic=unfamiliar;paper_read=no,8d8300d88283c73424c8f301ad9fdd733845eb47,"{""nlp_background"": ""two"", ""topic_background"": ""unfamiliar"", ""paper_read"": ""no"", ""answer_count"": 1}"
qasper_train_2003.07723_q_48b12eb53e2d507343f19b8a,qasper_train_2003.07723,qasper,train,What are the aesthetic emotions formalized?,"feelings of suspense experienced in narratives not only respond to the trajectory of the plot's content, but are also directly predictive of aesthetic liking (or disliking) | Emotions that exhibit this dual capacity have been defined as “aesthetic emotions”",extractive,False,"[""qasper_train_2003.07723_paragraph_00018""]","[""To emotionally move readers is considered a prime goal of literature since Latin antiquity BIBREF1, BIBREF2, BIBREF3. Deeply moved readers shed tears or get chills and goosebumps even in lab settings BIBREF4. In cases like these, the emotional response actually implies an aesthetic evaluation: narratives that have the capacity to move readers are evaluated as good and powerful texts for this very reason. Similarly, feelings of suspense experienced in narratives not only respond to the trajectory of the plot's content, but are also directly predictive of aesthetic liking (or disliking). Emotions that exhibit this dual capacity have been defined as “aesthetic emotions” BIBREF2. Contrary to the negativity bias of classical emotion catalogues, emotion terms used for aesthetic evaluation purposes include far more positive than negative emotions. At the same time, many overall positive aesthetic emotions encompass negative or mixed emotional ingredients BIBREF2, e.g., feelings of suspense include both hopeful and fearful anticipations."", ""Deeply moved readers shed tears or get chills and goosebumps even in lab settings BIBREF4. In cases like these, the emotional response actually implies an aesthetic evaluation: narratives that have the capacity to move readers are evaluated as good and powerful texts for this very reason. Similarly, feelings of suspense experienced in narratives not only respond to the trajectory of the plot's content, but are also directly predictive of aesthetic liking (or disliking). Emotions that exhibit this dual capacity have been defined as “aesthetic emotions” BIBREF2.""]",1.0,evidence_qa,nlp=two;topic=unfamiliar;paper_read=no,48b12eb53e2d507343f19b8a667696a39b719807,"{""nlp_background"": ""two"", ""topic_background"": ""unfamiliar"", ""paper_read"": ""no"", ""answer_count"": 1}"
qasper_train_1705.09665_q_003f884d3893532f8c302431,qasper_train_1705.09665,qasper,train,Do they report results only on English data?,False,unanswerable,True,"[""qasper_train_1705.09665_paragraph_00043""]","[""Our full dataset consists of all subreddits on Reddit from January 2013 to December 2014, for which there are at least 500 words in the vocabulary used to estimate our measures, in at least 4 months of the subreddit's history. We compute our measures over the comments written by users in a community in time windows of months, for each sufficiently active month, and manually remove communities where the bulk of the contributions are in a foreign language. This results in 283 communities ( INLINEFORM0 ), for a total of 4,872 community-months ( INLINEFORM1 )."", ""We compute our measures over the comments written by users in a community in time windows of months, for each sufficiently active month, and manually remove communities where the bulk of the contributions are in a foreign language.""]",1.0,evidence_qa,nlp=five;topic=unknown;paper_read=unknown,003f884d3893532f8c302431c9f70be6f64d9be8,"{""nlp_background"": ""five"", ""topic_background"": """", ""paper_read"": """", ""answer_count"": 2}"
qasper_train_1705.09665_q_bb97537a0a7c8f12a3f65eba,qasper_train_1705.09665,qasper,train,How do the various social phenomena examined manifest in different types of communities?,Dynamic communities have substantially higher rates of monthly user retention than more stable communities. More distinctive communities exhibit moderately higher monthly retention rates than more generic communities. There is also a strong positive relationship between a community's dynamicity and the average number of months that a user will stay in that community - a short-term trend observed for monthly retention translates into longer-term engagement and suggests that long-term user retention might be strongly driven by the extent to which a community continually provides novel content.,free_form,False,"[""qasper_train_1705.09665_paragraph_00054"", ""qasper_train_1705.09665_paragraph_00058""]","[""We find that dynamic communities, such as Seahawks or starcraft, have substantially higher rates of monthly user retention than more stable communities (Spearman's INLINEFORM0 = 0.70, INLINEFORM1 0.001, computed with community points averaged over months; Figure FIGREF11 .A, left). Similarly, more distinctive communities, like Cooking and Naruto, exhibit moderately higher monthly retention rates than more generic communities (Spearman's INLINEFORM2 = 0.33, INLINEFORM3 0.001; Figure FIGREF11 .A, right)."", ""As with monthly retention, we find a strong positive relationship between a community's dynamicity and the average number of months that a user will stay in that community (Spearman's INLINEFORM0 = 0.41, INLINEFORM1 0.001, computed over all community points; Figure FIGREF11 .B, left). This verifies that the short-term trend observed for monthly retention translates into longer-term engagement and suggests that long-term user retention might be strongly driven by the extent to which a community continually provides novel content. Interestingly, there is no significant relationship between distinctiveness and long-term engagement (Spearman's INLINEFORM2 = 0.03, INLINEFORM3 0.77; Figure FIGREF11 .B, right). Thus, while highly distinctive communities like RandomActsOfMakeup may generate focused commitment from users over a short period of time, such communities are unlikely to retain long-term users unless they also have sufficiently dynamic content.""]",1.0,evidence_qa,nlp=five;topic=unknown;paper_read=unknown,bb97537a0a7c8f12a3f65eba73cefa6abcd2f2b2,"{""nlp_background"": ""five"", ""topic_background"": """", ""paper_read"": """", ""answer_count"": 1}"
qasper_train_1705.09665_q_eea089baedc0ce80731c8fdc,qasper_train_1705.09665,qasper,train,What patterns do they observe about how user engagement varies with the characteristics of a community?,"communities that are characterized by specialized, constantly-updating content have higher user retention rates, but also exhibit larger linguistic gaps that separate newcomers from established members | within distinctive communities, established users have an increased propensity to engage with the community's specialized content, compared to newcomers",extractive,False,"[""qasper_train_1705.09665_paragraph_00013"", ""qasper_train_1705.09665_paragraph_00014""]","[""Engagement and community identity. We apply our framework to understand how two important aspects of user engagement in a community—the community's propensity to retain its users (Section SECREF3 ), and its permeability to new members (Section SECREF4 )—vary according to the type of collective identity it fosters. We find that communities that are characterized by specialized, constantly-updating content have higher user retention rates, but also exhibit larger linguistic gaps that separate newcomers from established members."", ""More closely examining factors that could contribute to this linguistic gap, we find that especially within distinctive communities, established users have an increased propensity to engage with the community's specialized content, compared to newcomers (Section SECREF5 ). Interestingly, while established members of distinctive communities more avidly respond to temporal updates than newcomers, in more generic communities it is the outsiders who engage more with volatile content, perhaps suggesting that such content may serve as an entry-point to the community (but not necessarily a reason to stay). Such insights into the relation between collective identity and user engagement can be informative to community maintainers seeking to better understand growth patterns within their online communities."", ""We find that communities that are characterized by specialized, constantly-updating content have higher user retention rates, but also exhibit larger linguistic gaps that separate newcomers from established members."", ""More closely examining factors that could contribute to this linguistic gap, we find that especially within distinctive communities, established users have an increased propensity to engage with the community's specialized content, compared to newcomers (Section SECREF5 ).""]",1.0,evidence_qa,nlp=five;topic=unknown;paper_read=unknown,eea089baedc0ce80731c8fdcb064b82f584f483a,"{""nlp_background"": ""five"", ""topic_background"": """", ""paper_read"": """", ""answer_count"": 1}"
qasper_train_1705.09665_q_edb2d24d6d10af13931b3a47,qasper_train_1705.09665,qasper,train,How did the select the 300 Reddit communities for comparison?,"They selected all the subreddits from January 2013 to December 2014 with at least 500 words in the vocabulary and at least 4 months of the subreddit's history. They also removed communities with the bulk of the contributions are in foreign language. | They collect subreddits from January 2013 to December 2014,2 for which there are at least 500 words in the vocabulary used to estimate the measures, in at least 4 months of the subreddit’s history. They compute our measures over the comments written by users in a community in time windows of months, for each sufficiently active month, and manually remove communities where the bulk of the contributions are in a foreign language.",free_form,False,"[""qasper_train_1705.09665_paragraph_00043""]","[""Our full dataset consists of all subreddits on Reddit from January 2013 to December 2014, for which there are at least 500 words in the vocabulary used to estimate our measures, in at least 4 months of the subreddit's history. We compute our measures over the comments written by users in a community in time windows of months, for each sufficiently active month, and manually remove communities where the bulk of the contributions are in a foreign language. This results in 283 communities ( INLINEFORM0 ), for a total of 4,872 community-months ( INLINEFORM1 )."", ""Our full dataset consists of all subreddits on Reddit from January 2013 to December 2014, for which there are at least 500 words in the vocabulary used to estimate our measures, in at least 4 months of the subreddit's history. We compute our measures over the comments written by users in a community in time windows of months, for each sufficiently active month, and manually remove communities where the bulk of the contributions are in a foreign language.""]",1.0,evidence_qa,nlp=five;topic=unknown;paper_read=unknown,edb2d24d6d10af13931b3a47a6543bd469752f0c,"{""nlp_background"": ""five"", ""topic_background"": """", ""paper_read"": """", ""answer_count"": 2}"
qasper_train_1705.09665_q_938cf30c4f1d14fa182e8291,qasper_train_1705.09665,qasper,train,How do the authors measure how temporally dynamic a community is?,the average volatility of all utterances,extractive,False,"[""qasper_train_1705.09665_paragraph_00037""]","[""Dynamicity. A highly dynamic community constantly shifts interests from one time window to another, and these temporal variations are reflected in its use of volatile language. Formally, we define the dynamicity of a community INLINEFORM0 as the average volatility of all utterances in INLINEFORM1 . We refer to a community whose language is relatively consistent throughout time as being stable."", "". A highly dynamic community constantly shifts interests from one time window to another, and these temporal variations are reflected in its use of volatile language. Formally, we define the dynamicity of a community INLINEFORM0 as the average volatility of all utterances in INLINEFORM1 .""]",1.0,evidence_qa,nlp=five;topic=unknown;paper_read=unknown,938cf30c4f1d14fa182e82919e16072fdbcf2a82,"{""nlp_background"": ""five"", ""topic_background"": """", ""paper_read"": """", ""answer_count"": 1}"
qasper_train_1705.09665_q_93f4ad6568207c9bd10d712a,qasper_train_1705.09665,qasper,train,How do the authors measure how distinctive a community is?,the average specificity of all utterances,extractive,False,"[""qasper_train_1705.09665_paragraph_00036""]","[""Distinctiveness. A community with a very distinctive identity will tend to have distinctive interests, expressed through specialized language. Formally, we define the distinctiveness of a community INLINEFORM0 as the average specificity of all utterances in INLINEFORM1 . We refer to a community with a less distinctive identity as being generic."", ""A community with a very distinctive identity will tend to have distinctive interests, expressed through specialized language. Formally, we define the distinctiveness of a community INLINEFORM0 as the average specificity of all utterances in INLINEFORM1""]",1.0,evidence_qa,nlp=five;topic=unknown;paper_read=unknown,93f4ad6568207c9bd10d712a52f8de25b3ebadd4,"{""nlp_background"": ""five"", ""topic_background"": """", ""paper_read"": """", ""answer_count"": 1}"
qasper_train_1908.06606_q_71a7153e12879defa186bfb6,qasper_train_1908.06606,qasper,train,What data is the language model pretrained on?,Chinese general corpus,unanswerable,True,"[""qasper_train_1908.06606_paragraph_00051""]","[""To implement deep neural network models, we utilize the Keras library BIBREF36 with TensorFlow BIBREF37 backend. Each model is run on a single NVIDIA GeForce GTX 1080 Ti GPU. The models are trained by Adam optimization algorithm BIBREF38 whose parameters are the same as the default settings except for learning rate set to $5\\times 10^{-5}$. Batch size is set to 3 or 4 due to the lack of graphical memory. We select BERT-base as the pre-trained language model in this paper. Due to the high cost of pre-training BERT language model, we directly adopt parameters pre-trained by Google in Chinese general corpus. The named entity recognition is applied on both pathology report texts and query texts."", ""Due to the high cost of pre-training BERT language model, we directly adopt parameters pre-trained by Google in Chinese general corpus. The named entity recognition is applied on both pathology report texts and query texts.""]",1.0,evidence_qa,nlp=infinity;topic=research;paper_read=no,71a7153e12879defa186bfb6dbafe79c74265e10,"{""nlp_background"": ""infinity"", ""topic_background"": ""research"", ""paper_read"": ""no"", ""answer_count"": 2}"
qasper_train_1908.06606_q_85d1831c28d3c19c84472589,qasper_train_1908.06606,qasper,train,What baselines is the proposed model compared against?,BERT-Base | QANet | QANet BIBREF39 | BERT-Base BIBREF26,extractive,False,"[""qasper_train_1908.06606_paragraph_00053"", ""qasper_train_1908.06606_table_00076""]","[""Experimental Studies ::: Comparison with State-of-the-art Methods"", ""Since BERT has already achieved the state-of-the-art performance of question-answering, in this section we compare our proposed model with state-of-the-art question answering models (i.e. QANet BIBREF39) and BERT-Base BIBREF26. As BERT has two versions: BERT-Base and BERT-Large, due to the lack of computational resource, we can only compare with BERT-Base model instead of BERT-Large. Prediction layer is attached at the end of the original BERT-Base model and we fine tune it on our dataset. In this section, the named entity integration method is chosen to pure concatenation (Concatenate the named entity information on pathology report text and query text first and then concatenate contextualized representation and concatenated named entity information). Comparative results are summarized in Table TABREF23."", ""Experimental Studies ::: Comparison with State-of-the-art Methods Since BERT has already achieved the state-of-the-art performance of question-answering, in this section we compare our proposed model with state-of-the-art question answering models (i.e. QANet BIBREF39) and BERT-Base BIBREF26. As BERT has two versions: BERT-Base and BERT-Large, due to the lack of computational resource, we can only compare with BERT-Base model instead of BERT-Large."", ""FLOAT SELECTED: TABLE III COMPARATIVE RESULTS BETWEEN BERT AND OUR PROPOSED MODEL"", ""Since BERT has already achieved the state-of-the-art performance of question-answering, in this section we compare our proposed model with state-of-the-art question answering models (i.e. QANet BIBREF39) and BERT-Base BIBREF26. As BERT has two versions: BERT-Base and BERT-Large, due to the lack of computational resource, we can only compare with BERT-Base model instead of BERT-Large.""]",0.9002,evidence_qa,nlp=infinity;topic=research;paper_read=no,85d1831c28d3c19c84472589a252e28e9884500f,"{""nlp_background"": ""infinity"", ""topic_background"": ""research"", ""paper_read"": ""no"", ""answer_count"": 2}"
qasper_train_1908.06606_q_1959e0ebc21fafdf1dd20c6e,qasper_train_1908.06606,qasper,train,How is the clinical text structuring task defined?,"Clinical text structuring (CTS) is a critical task for fetching medical research data from electronic health records (EHRs), where structural patient medical data, such as whether the patient has specific symptoms, diseases, or what the tumor size is, how far from the tumor is cut at during the surgery, or what the specific laboratory test result is, are obtained. | Unlike the traditional CTS task, our QA-CTS task aims to discover the most related text from original paragraph text. | CTS is extracting structural data from medical research data (unstructured). Authors define QA-CTS task that aims to discover most related text from original text.",free_form,False,"[""qasper_train_1908.06606_caption_00071"", ""qasper_train_1908.06606_paragraph_00005"", ""qasper_train_1908.06606_paragraph_00008"", ""qasper_train_1908.06606_paragraph_00006""]","[""FLOAT SELECTED: Fig. 1. An illustrative example of QA-CTS task."", ""Clinical text structuring (CTS) is a critical task for fetching medical research data from electronic health records (EHRs), where structural patient medical data, such as whether the patient has specific symptoms, diseases, or what the tumor size is, how far from the tumor is cut at during the surgery, or what the specific laboratory test result is, are obtained. It is important to extract structured data from clinical text because bio-medical systems or bio-medical researches greatly rely on structured data but they cannot obtain them directly. In addition, clinical text often contains abundant healthcare information. CTS is able to provide large-scale extracted structured data for enormous down-stream clinical researches."", ""To reduce the pipeline depth and break the barrier of non-uniform output formats, we present a question answering based clinical text structuring (QA-CTS) task (see Fig. FIGREF1). Unlike the traditional CTS task, our QA-CTS task aims to discover the most related text from original paragraph text. For some cases, it is already the final answer in deed (e.g., extracting sub-string). While for other cases, it needs several steps to obtain the final answer, such as entity names conversion and negative words recognition. Our presented QA-CTS task unifies the output format of the traditional CTS task and make the training data shareable, thus enriching the training data. The main contributions of this work can be summarized as follows."", ""Unlike the traditional CTS task, our QA-CTS task aims to discover the most related text from original paragraph text. For some cases, it is already the final answer in deed (e.g., extracting sub-string). While for other cases, it needs several steps to obtain the final answer, such as entity names conversion and negative words recognition. Our presented QA-CTS task unifies the output format of the traditional CTS task and make the training data shareable, thus enriching the training data."", ""However, end-to-end CTS is a very challenging task. Different CTS tasks often have non-uniform output formats, such as specific-class classifications (e.g. tumor stage), strings in the original text (e.g. result for a laboratory test) and inferred values from part of the original text (e.g. calculated tumor size). Researchers have to construct different models for it, which is already costly, and hence it calls for a lot of labeled data for each model. Moreover, labeling necessary amount of data for training neural network requires expensive labor cost. To handle it, researchers turn to some rule-based structuring methods which often have lower labor cost."", ""Clinical text structuring (CTS) is a critical task for fetching medical research data from electronic health records (EHRs), where structural patient medical data, such as whether the patient has specific symptoms, diseases, or what the tumor size is, how far from the tumor is cut at during the surgery, or what the specific laboratory test result is, are obtained. It is important to extract structured data from clinical text because bio-medical systems or bio-medical researches greatly rely on structured data but they cannot obtain them directly."", ""However, end-to-end CTS is a very challenging task. Different CTS tasks often have non-uniform output formats, such as specific-class classifications (e.g. tumor stage), strings in the original text (e.g. result for a laboratory test) and inferred values from part of the original text (e.g. calculated tumor size)."", ""To reduce the pipeline depth and break the barrier of non-uniform output formats, we present a question answering based clinical text structuring (QA-CTS) task (see Fig. FIGREF1). Unlike the traditional CTS task, our QA-CTS task aims to discover the most related text from original paragraph text.""]",0.99375,evidence_qa,nlp=infinity;topic=research;paper_read=no,1959e0ebc21fafdf1dd20c6ea054161ba7446f61,"{""nlp_background"": ""infinity"", ""topic_background"": ""research"", ""paper_read"": ""no"", ""answer_count"": 2}"
qasper_train_1908.06606_q_77cf4379106463b6ebcb5eb8,qasper_train_1908.06606,qasper,train,What are the specific tasks being unified?,"three types of questions, namely tumor size, proximal resection margin and distal resection margin",unanswerable,True,"[""qasper_train_1908.06606_paragraph_00008"", ""qasper_train_1908.06606_paragraph_00048"", ""qasper_train_1908.06606_paragraph_00068""]","[""To reduce the pipeline depth and break the barrier of non-uniform output formats, we present a question answering based clinical text structuring (QA-CTS) task (see Fig. FIGREF1). Unlike the traditional CTS task, our QA-CTS task aims to discover the most related text from original paragraph text. For some cases, it is already the final answer in deed (e.g., extracting sub-string). While for other cases, it needs several steps to obtain the final answer, such as entity names conversion and negative words recognition. Our presented QA-CTS task unifies the output format of the traditional CTS task and make the training data shareable, thus enriching the training data. The main contributions of this work can be summarized as follows."", ""Our dataset is annotated based on Chinese pathology reports provided by the Department of Gastrointestinal Surgery, Ruijin Hospital. It contains 17,833 sentences, 826,987 characters and 2,714 question-answer pairs. All question-answer pairs are annotated and reviewed by four clinicians with three types of questions, namely tumor size, proximal resection margin and distal resection margin. These annotated instances have been partitioned into 1,899 training instances (12,412 sentences) and 815 test instances (5,421 sentences). Each instance has one or several sentences. Detailed statistics of different types of entities are listed in Table TABREF20."", ""In this paper, we present a question answering based clinical text structuring (QA-CTS) task, which unifies different clinical text structuring tasks and utilize different datasets. A novel model is also proposed to integrate named entity information into a pre-trained language model and adapt it to QA-CTS task. Initially, sequential results of named entity recognition on both paragraph and query texts are integrated together. Contextualized representation on both paragraph and query texts are transformed by a pre-trained language model. Then, the integrated named entity information and contextualized representation are integrated together and fed into a feed forward network for final prediction. Experimental results on real-world dataset demonstrate that our proposed model competes favorably with strong baseline models in all three specific tasks. The shared task and shared model introduced by QA-CTS task has also been proved to be useful for improving the performance on most of the task-specific datasets. In conclusion, the best way to achieve the best performance for a specific dataset is to pre-train the model in multiple datasets and then fine tune it on the specific dataset."", ""Our presented QA-CTS task unifies the output format of the traditional CTS task and make the training data shareable, thus enriching the training data."", ""All question-answer pairs are annotated and reviewed by four clinicians with three types of questions, namely tumor size, proximal resection margin and distal resection margin."", ""Experimental results on real-world dataset demonstrate that our proposed model competes favorably with strong baseline models in all three specific tasks.""]",0.9964,evidence_qa,nlp=infinity;topic=research;paper_read=no,77cf4379106463b6ebcb5eb8fa5bb25450fa5fb8,"{""nlp_background"": ""infinity"", ""topic_background"": ""research"", ""paper_read"": ""no"", ""answer_count"": 2}"
qasper_train_1908.06606_q_06095a4dee77e9a570837b35,qasper_train_1908.06606,qasper,train,"Is all text in this dataset a question, or are there unrelated sentences in between questions?",the dataset consists of pathology reports including sentences and questions and answers about tumor size and resection margins so it does include additional sentences,free_form,False,"[""qasper_train_1908.06606_paragraph_00048""]","[""Our dataset is annotated based on Chinese pathology reports provided by the Department of Gastrointestinal Surgery, Ruijin Hospital. It contains 17,833 sentences, 826,987 characters and 2,714 question-answer pairs. All question-answer pairs are annotated and reviewed by four clinicians with three types of questions, namely tumor size, proximal resection margin and distal resection margin. These annotated instances have been partitioned into 1,899 training instances (12,412 sentences) and 815 test instances (5,421 sentences). Each instance has one or several sentences. Detailed statistics of different types of entities are listed in Table TABREF20."", ""Our dataset is annotated based on Chinese pathology reports provided by the Department of Gastrointestinal Surgery, Ruijin Hospital. It contains 17,833 sentences, 826,987 characters and 2,714 question-answer pairs. All question-answer pairs are annotated and reviewed by four clinicians with three types of questions, namely tumor size, proximal resection margin and distal resection margin.""]",1.0,evidence_qa,nlp=five;topic=familiar;paper_read=no,06095a4dee77e9a570837b35fc38e77228664f91,"{""nlp_background"": ""five"", ""topic_background"": ""familiar"", ""paper_read"": ""no"", ""answer_count"": 1}"
qasper_train_1908.06606_q_19c9cfbc4f29104200393e84,qasper_train_1908.06606,qasper,train,How many questions are in the dataset?,"2,714",free_form,False,"[""qasper_train_1908.06606_paragraph_00048""]","[""Our dataset is annotated based on Chinese pathology reports provided by the Department of Gastrointestinal Surgery, Ruijin Hospital. It contains 17,833 sentences, 826,987 characters and 2,714 question-answer pairs. All question-answer pairs are annotated and reviewed by four clinicians with three types of questions, namely tumor size, proximal resection margin and distal resection margin. These annotated instances have been partitioned into 1,899 training instances (12,412 sentences) and 815 test instances (5,421 sentences). Each instance has one or several sentences. Detailed statistics of different types of entities are listed in Table TABREF20."", ""Our dataset is annotated based on Chinese pathology reports provided by the Department of Gastrointestinal Surgery, Ruijin Hospital. It contains 17,833 sentences, 826,987 characters and 2,714 question-answer pairs.""]",1.0,evidence_qa,nlp=five;topic=familiar;paper_read=no,19c9cfbc4f29104200393e848b7b9be41913a7ac,"{""nlp_background"": ""five"", ""topic_background"": ""familiar"", ""paper_read"": ""no"", ""answer_count"": 1}"
qasper_train_1908.06606_q_6743c1dd7764fc652cfe2ea2,qasper_train_1908.06606,qasper,train,What is the perWhat are the tasks evaluated?,UNANSWERABLE,unanswerable,True,[],[],,evidence_qa,nlp=five;topic=familiar;paper_read=no,6743c1dd7764fc652cfe2ea29097ea09b5544bc3,"{""nlp_background"": ""five"", ""topic_background"": ""familiar"", ""paper_read"": ""no"", ""answer_count"": 1}"
qasper_train_1908.06606_q_14323046220b2aea8f15fba8,qasper_train_1908.06606,qasper,train,Are there privacy concerns with clinical data?,UNANSWERABLE,unanswerable,True,[],[],,evidence_qa,nlp=five;topic=familiar;paper_read=no,14323046220b2aea8f15fba86819cbccc389ed8b,"{""nlp_background"": ""five"", ""topic_background"": ""familiar"", ""paper_read"": ""no"", ""answer_count"": 1}"
qasper_train_1908.06606_q_08a5f8d36298b57f6a4fcb4b,qasper_train_1908.06606,qasper,train,How they introduce domain-specific features into pre-trained language model?,integrate clinical named entity information into pre-trained language model,extractive,False,"[""qasper_train_1908.06606_paragraph_00009"", ""qasper_train_1908.06606_paragraph_00026""]","[""We first present a question answering based clinical text structuring (QA-CTS) task, which unifies different specific tasks and make dataset shareable. We also propose an effective model to integrate clinical named entity information into pre-trained language model."", ""In this section, we present an effective model for the question answering based clinical text structuring (QA-CTS). As shown in Fig. FIGREF8, paragraph text $X$ is first passed to a clinical named entity recognition (CNER) model BIBREF12 to capture named entity information and obtain one-hot CNER output tagging sequence for query text $I_{nq}$ and paragraph text $I_{nt}$ with BIEOS (Begin, Inside, End, Outside, Single) tag scheme. $I_{nq}$ and $I_{nt}$ are then integrated together into $I_n$. Meanwhile, the paragraph text $X$ and query text $Q$ are organized and passed to contextualized representation model which is pre-trained language model BERT BIBREF26 here to obtain the contextualized representation vector $V_s$ of both text and query. Afterwards, $V_s$ and $I_n$ are integrated together and fed into a feed forward network to calculate the start and end index of answer-related text. Here we define this calculation problem as a classification for each word to be the start or end word."", ""We also propose an effective model to integrate clinical named entity information into pre-trained language model."", ""In this section, we present an effective model for the question answering based clinical text structuring (QA-CTS). As shown in Fig. FIGREF8, paragraph text $X$ is first passed to a clinical named entity recognition (CNER) model BIBREF12 to capture named entity information and obtain one-hot CNER output tagging sequence for query text $I_{nq}$ and paragraph text $I_{nt}$ with BIEOS (Begin, Inside, End, Outside, Single) tag scheme. $I_{nq}$ and $I_{nt}$ are then integrated together into $I_n$. Meanwhile, the paragraph text $X$ and query text $Q$ are organized and passed to contextualized representation model which is pre-trained language model BERT BIBREF26 here to obtain the contextualized representation vector $V_s$ of both text and query. Afterwards, $V_s$ and $I_n$ are integrated together and fed into a feed forward network to calculate the start and end index of answer-related text.""]",1.0,evidence_qa,nlp=zero;topic=unfamiliar;paper_read=no,08a5f8d36298b57f6a4fcb4b6ae5796dc5d944a4,"{""nlp_background"": ""zero"", ""topic_background"": ""unfamiliar"", ""paper_read"": ""no"", ""answer_count"": 1}"
qasper_train_1908.06606_q_975a4ac9773a4af551142c32,qasper_train_1908.06606,qasper,train,How big is QA-CTS task dataset?,"17,833 sentences, 826,987 characters and 2,714 question-answer pairs",extractive,False,"[""qasper_train_1908.06606_paragraph_00048""]","[""Our dataset is annotated based on Chinese pathology reports provided by the Department of Gastrointestinal Surgery, Ruijin Hospital. It contains 17,833 sentences, 826,987 characters and 2,714 question-answer pairs. All question-answer pairs are annotated and reviewed by four clinicians with three types of questions, namely tumor size, proximal resection margin and distal resection margin. These annotated instances have been partitioned into 1,899 training instances (12,412 sentences) and 815 test instances (5,421 sentences). Each instance has one or several sentences. Detailed statistics of different types of entities are listed in Table TABREF20."", ""Our dataset is annotated based on Chinese pathology reports provided by the Department of Gastrointestinal Surgery, Ruijin Hospital. It contains 17,833 sentences, 826,987 characters and 2,714 question-answer pairs.""]",1.0,evidence_qa,nlp=zero;topic=unfamiliar;paper_read=no,975a4ac9773a4af551142c324b64a0858670d06e,"{""nlp_background"": ""zero"", ""topic_background"": ""unfamiliar"", ""paper_read"": ""no"", ""answer_count"": 1}"
qasper_train_1908.06606_q_326e08a0f5753b90622902bd,qasper_train_1908.06606,qasper,train,How big is dataset of pathology reports collected from Ruijing Hospital?,"17,833 sentences, 826,987 characters and 2,714 question-answer pairs",extractive,False,"[""qasper_train_1908.06606_paragraph_00048""]","[""Our dataset is annotated based on Chinese pathology reports provided by the Department of Gastrointestinal Surgery, Ruijin Hospital. It contains 17,833 sentences, 826,987 characters and 2,714 question-answer pairs. All question-answer pairs are annotated and reviewed by four clinicians with three types of questions, namely tumor size, proximal resection margin and distal resection margin. These annotated instances have been partitioned into 1,899 training instances (12,412 sentences) and 815 test instances (5,421 sentences). Each instance has one or several sentences. Detailed statistics of different types of entities are listed in Table TABREF20."", ""Our dataset is annotated based on Chinese pathology reports provided by the Department of Gastrointestinal Surgery, Ruijin Hospital. It contains 17,833 sentences, 826,987 characters and 2,714 question-answer pairs.""]",1.0,evidence_qa,nlp=zero;topic=unfamiliar;paper_read=no,326e08a0f5753b90622902bd4a9c94849a24b773,"{""nlp_background"": ""zero"", ""topic_background"": ""unfamiliar"", ""paper_read"": ""no"", ""answer_count"": 1}"
qasper_train_1908.06606_q_bd78483a746fda4805a76782,qasper_train_1908.06606,qasper,train,What are strong baseline models in specific tasks?,state-of-the-art question answering models (i.e. QANet BIBREF39) and BERT-Base BIBREF26,extractive,False,"[""qasper_train_1908.06606_paragraph_00053""]","[""Since BERT has already achieved the state-of-the-art performance of question-answering, in this section we compare our proposed model with state-of-the-art question answering models (i.e. QANet BIBREF39) and BERT-Base BIBREF26. As BERT has two versions: BERT-Base and BERT-Large, due to the lack of computational resource, we can only compare with BERT-Base model instead of BERT-Large. Prediction layer is attached at the end of the original BERT-Base model and we fine tune it on our dataset. In this section, the named entity integration method is chosen to pure concatenation (Concatenate the named entity information on pathology report text and query text first and then concatenate contextualized representation and concatenated named entity information). Comparative results are summarized in Table TABREF23."", ""Since BERT has already achieved the state-of-the-art performance of question-answering, in this section we compare our proposed model with state-of-the-art question answering models (i.e. QANet BIBREF39) and BERT-Base BIBREF26. As BERT has two versions: BERT-Base and BERT-Large, due to the lack of computational resource, we can only compare with BERT-Base model instead of BERT-Large.""]",1.0,evidence_qa,nlp=zero;topic=unfamiliar;paper_read=no,bd78483a746fda4805a7678286f82d9621bc45cf,"{""nlp_background"": ""zero"", ""topic_background"": ""unfamiliar"", ""paper_read"": ""no"", ""answer_count"": 1}"
qasper_train_1811.00942_q_dd155f01f6f4a14f9d25afc9,qasper_train_1811.00942,qasper,train,What aspects have been compared between various language models?,"Quality measures using perplexity and recall, and performance measured using latency and energy usage.",free_form,False,"[""qasper_train_1811.00942_paragraph_00021""]","[""For each model, we examined word-level perplexity, R@3 in next-word prediction, latency (ms/q), and energy usage (mJ/q). To explore the perplexity–recall relationship, we collected individual perplexity and recall statistics for each sentence in the test set.""]",1.0,evidence_qa,nlp=two;topic=familiar;paper_read=no,dd155f01f6f4a14f9d25afc97504aefdc6d29c13,"{""nlp_background"": ""two"", ""topic_background"": ""familiar"", ""paper_read"": ""no"", ""answer_count"": 1}"
qasper_train_1811.00942_q_a9d530d68fb45b52d9bad9da,qasper_train_1811.00942,qasper,train,what classic language models are mentioned in the paper?,Kneser–Ney smoothing,extractive,False,"[""qasper_train_1811.00942_paragraph_00009""]","[""In this paper, we examine the quality–performance tradeoff in the shift from non-neural to neural language models. In particular, we compare Kneser–Ney smoothing, widely accepted as the state of the art prior to NLMs, to the best NLMs today. The decrease in perplexity on standard datasets has been well documented BIBREF3 , but to our knowledge no one has examined the performances tradeoffs. With deployment on a mobile device in mind, we evaluate energy usage and inference latency on a Raspberry Pi (which shares the same ARM architecture as nearly all smartphones today). We find that a 2.5 $\\times $ reduction in perplexity on PTB comes at a staggering cost in terms of performance: inference with NLMs takes 49 $\\times $ longer and requires 32 $\\times $ more energy. Furthermore, we find that impressive reductions in perplexity translate into at best modest improvements in next-word prediction, which is arguable a better metric for evaluating software keyboards on a smartphone. The contribution of this paper is the first known elucidation of this quality–performance tradeoff. Note that we refrain from prescriptive recommendations: whether or not a tradeoff is worthwhile depends on the application. Nevertheless, NLP engineers should arguably keep these tradeoffs in mind when selecting a particular operating point."", ""Kneser–Ney smoothing"", ""In particular, we compare Kneser–Ney smoothing, widely accepted as the state of the art prior to NLMs, to the best NLMs today.""]",0.9365666666666667,evidence_qa,nlp=two;topic=familiar;paper_read=no,a9d530d68fb45b52d9bad9da2cd139db5a4b2f7c,"{""nlp_background"": ""two"", ""topic_background"": ""familiar"", ""paper_read"": ""no"", ""answer_count"": 1}"
qasper_train_1811.00942_q_e07df8f613dbd567a35318cd,qasper_train_1811.00942,qasper,train,What is a commonly used evaluation metric for language models?,perplexity,extractive,False,"[""qasper_train_1811.00942_paragraph_00005""]","[""Deep learning has unquestionably advanced the state of the art in many natural language processing tasks, from syntactic dependency parsing BIBREF0 to named-entity recognition BIBREF1 to machine translation BIBREF2 . The same certainly applies to language modeling, where recent advances in neural language models (NLMs) have led to dramatically better approaches as measured using standard metrics such as perplexity BIBREF3 , BIBREF4 ."", ""recent advances in neural language models (NLMs) have led to dramatically better approaches as measured using standard metrics such as perplexity BIBREF3 , BIBREF4 .""]",1.0,evidence_qa,nlp=two;topic=familiar;paper_read=no,e07df8f613dbd567a35318cd6f6f4cb959f5c82d,"{""nlp_background"": ""two"", ""topic_background"": ""familiar"", ""paper_read"": ""no"", ""answer_count"": 2}"
qasper_train_1805.024_q_1a43df221a567869964ad3b2,qasper_train_1805.024,qasper,train,Which dataset do they use a starting point in generating fake reviews?,the Yelp Challenge dataset | Yelp Challenge dataset BIBREF2,extractive,False,"[""qasper_train_1805.024_paragraph_00029""]","[""We use the Yelp Challenge dataset BIBREF2 for our fake review generation. The dataset (Aug 2017) contains 2.9 million 1 –5 star restaurant reviews. We treat all reviews as genuine human-written reviews for the purpose of this work, since wide-scale deployment of machine-generated review attacks are not yet reported (Sep 2017) BIBREF19 . As preprocessing, we remove non-printable (non-ASCII) characters and excessive white-space. We separate punctuation from words. We reserve 15,000 reviews for validation and 3,000 for testing, and the rest we use for training. NMT models require a parallel corpus of source and target sentences, i.e. a large set of (source, target)-pairs. We set up a parallel corpus by constructing (context, review)-pairs from the dataset. Next, we describe how we created our input context."", ""We use the Yelp Challenge dataset BIBREF2 for our fake review generation.""]",0.9698,evidence_qa,nlp=infinity;topic=unfamiliar;paper_read=no,1a43df221a567869964ad3b275de30af2ac35598,"{""nlp_background"": ""infinity"", ""topic_background"": ""unfamiliar"", ""paper_read"": ""no"", ""answer_count"": 2}"
qasper_train_1805.024_q_98b11f70239ef0e22511a3ec,qasper_train_1805.024,qasper,train,Do they use a pretrained NMT model to help generating reviews?,False,yes_no,False,[],[],,evidence_qa,nlp=infinity;topic=unfamiliar;paper_read=no,98b11f70239ef0e22511a3ecf6e413ecb726f954,"{""nlp_background"": ""infinity"", ""topic_background"": ""unfamiliar"", ""paper_read"": ""no"", ""answer_count"": 2}"
qasper_train_1805.024_q_d4d771bcb59bab4f3eb9026c,qasper_train_1805.024,qasper,train,How does using NMT ensure generated reviews stay on topic?,UNANSWERABLE,unanswerable,True,[],[],,evidence_qa,nlp=infinity;topic=unfamiliar;paper_read=no,d4d771bcb59bab4f3eb9026cda7d182eb582027d,"{""nlp_background"": ""infinity"", ""topic_background"": ""unfamiliar"", ""paper_read"": ""no"", ""answer_count"": 1}"
qasper_train_1805.024_q_12f1919a3e8ca460b931c6ca,qasper_train_1805.024,qasper,train,What kind of model do they use for detection?,AdaBoost-based classifier,extractive,False,"[""qasper_train_1805.024_paragraph_00255""]","[""We developed an AdaBoost-based classifier to detect our new fake reviews, consisting of 200 shallow decision trees (depth 2). The features we used are recorded in Table~\\ref{table:features_adaboost} (Appendix)."", ""We developed an AdaBoost-based classifier to detect our new fake reviews, consisting of 200 shallow decision trees (depth 2).""]",1.0,evidence_qa,nlp=infinity;topic=unfamiliar;paper_read=no,12f1919a3e8ca460b931c6cacc268a926399dff4,"{""nlp_background"": ""infinity"", ""topic_background"": ""unfamiliar"", ""paper_read"": ""no"", ""answer_count"": 1}"
qasper_train_1805.024_q_cd1034c183edf630018f47ff,qasper_train_1805.024,qasper,train,Does their detection tool work better than human detection?,True,yes_no,False,"[""qasper_train_1805.024_paragraph_00200"", ""qasper_train_1805.024_paragraph_00266""]","[""We noticed some variation in the detection of different fake review categories. The respondents in our MTurk survey had most difficulties recognizing reviews of category $(b=0.3, \\lambda=-5)$, where true positive rate was $40.4\\%$, while the true negative rate of the real class was $62.7\\%$. The precision were $16\\%$ and $86\\%$, respectively. The class-averaged F-score is $47.6\\%$, which is close to random. Detailed classification reports are shown in Table~\\ref{table:MTurk_sub} in Appendix. Our MTurk-study shows that \\emph{our NMT-Fake reviews pose a significant threat to review systems}, since \\emph{ordinary native English-speakers have very big difficulties in separating real reviews from fake reviews}. We use the review category $(b=0.3, \\lambda=-5)$ for future user tests in this paper, since MTurk participants had most difficulties detecting these reviews. We refer to this category as NMT-Fake* in this paper."", ""Figure~\\ref{fig:adaboost_matrix_b_lambda} shows our AdaBoost classifier's class-averaged F-score at detecting different kind of fake reviews. The classifier is very effective in detecting reviews that humans have difficulties detecting. For example, the fake reviews MTurk users had most difficulty detecting ($b=0.3, \\lambda=-5$) are detected with an excellent 97\\% F-score."", ""The respondents in our MTurk survey had most difficulties recognizing reviews of category $(b=0.3, \\lambda=-5)$, where true positive rate was $40.4\\%$, while the true negative rate of the real class was $62.7\\%$. The precision were $16\\%$ and $86\\%$, respectively. The class-averaged F-score is $47.6\\%$, which is close to random. Detailed classification reports are shown in Table~\\ref{table:MTurk_sub} in Appendix. Our MTurk-study shows that \\emph{our NMT-Fake reviews pose a significant threat to review systems}, since \\emph{ordinary native English-speakers have very big difficulties in separating real reviews from fake reviews}. We use the review category $(b=0.3, \\lambda=-5)$ for future user tests in this paper, since MTurk participants had most difficulties detecting these reviews. We refer to this category as NMT-Fake* in this paper."", ""The classifier is very effective in detecting reviews that humans have difficulties detecting. For example, the fake reviews MTurk users had most difficulty detecting ($b=0.3, \\lambda=-5$) are detected with an excellent 97\\% F-score.""]",1.0,evidence_qa,nlp=infinity;topic=unfamiliar;paper_read=no,cd1034c183edf630018f47ff70b48d74d2bb1649,"{""nlp_background"": ""infinity"", ""topic_background"": ""unfamiliar"", ""paper_read"": ""no"", ""answer_count"": 1}"
qasper_train_1805.024_q_bd9930a613dd36646e2fc016,qasper_train_1805.024,qasper,train,How many reviews in total (both generated and true) do they evaluate on Amazon Mechanical Turk?,"1,006 fake reviews and 994 real reviews",extractive,False,"[""qasper_train_1805.024_paragraph_00183""]","[""We first investigated overall detection of any NMT-Fake reviews (1,006 fake reviews and 994 real reviews). We found that the participants had big difficulties in detecting our fake reviews. In average, the reviews were detected with class-averaged \\emph{F-score of only 56\\%}, with 53\\% F-score for fake review detection and 59\\% F-score for real review detection. The results are very close to \\emph{random detection}, where precision, recall and F-score would each be 50\\%. Results are recorded in Table~\\ref{table:MTurk_super}. Overall, the fake review generation is very successful, since human detection rate across categories is close to random."", ""We first investigated overall detection of any NMT-Fake reviews (1,006 fake reviews and 994 real reviews).""]",1.0,evidence_qa,nlp=infinity;topic=unfamiliar;paper_read=no,bd9930a613dd36646e2fc016b6eb21ab34c77621,"{""nlp_background"": ""infinity"", ""topic_background"": ""unfamiliar"", ""paper_read"": ""no"", ""answer_count"": 1}"
qasper_train_1907.05664_q_6e2ad9ad88cceabb6977222f,qasper_train_1907.05664,qasper,train,Which baselines did they compare?,The baseline model is a deep sequence-to-sequence encoder/decoder model with attention. The encoder is a bidirectional Long-Short Term Memory(LSTM) cell BIBREF14 and the decoder a single LSTM cell with attention mechanism. The attention mechanism is computed as in BIBREF9 and we use a greedy search for decoding. We train end-to-end including the words embeddings. The embedding size used is of 128 and the hidden state size of the LSTM cells is of 254.,extractive,False,"[""qasper_train_1907.05664_paragraph_00010"", ""qasper_train_1907.05664_paragraph_00014""]","[""We present in this section the baseline model from See et al. See2017 trained on the CNN/Daily Mail dataset. We reproduce the results from See et al. See2017 to then apply LRP on it."", ""The baseline model is a deep sequence-to-sequence encoder/decoder model with attention. The encoder is a bidirectional Long-Short Term Memory(LSTM) cell BIBREF14 and the decoder a single LSTM cell with attention mechanism. The attention mechanism is computed as in BIBREF9 and we use a greedy search for decoding. We train end-to-end including the words embeddings. The embedding size used is of 128 and the hidden state size of the LSTM cells is of 254."", ""We present in this section the baseline model from See et al. See2017 trained on the CNN/Daily Mail dataset.""]",1.0,evidence_qa,nlp=five;topic=familiar;paper_read=no,6e2ad9ad88cceabb6977222f5e090ece36aa84ea,"{""nlp_background"": ""five"", ""topic_background"": ""familiar"", ""paper_read"": ""no"", ""answer_count"": 2}"
qasper_train_1907.05664_q_aacb0b97aed6fc6a8b471b8c,qasper_train_1907.05664,qasper,train,How many attention layers are there in their model?,one,free_form,False,"[""qasper_train_1907.05664_paragraph_00014""]","[""The baseline model is a deep sequence-to-sequence encoder/decoder model with attention. The encoder is a bidirectional Long-Short Term Memory(LSTM) cell BIBREF14 and the decoder a single LSTM cell with attention mechanism. The attention mechanism is computed as in BIBREF9 and we use a greedy search for decoding. We train end-to-end including the words embeddings. The embedding size used is of 128 and the hidden state size of the LSTM cells is of 254."", ""The encoder is a bidirectional Long-Short Term Memory(LSTM) cell BIBREF14 and the decoder a single LSTM cell with attention mechanism.""]",1.0,evidence_qa,nlp=five;topic=familiar;paper_read=no,aacb0b97aed6fc6a8b471b8c2e5c4ddb60988bf5,"{""nlp_background"": ""five"", ""topic_background"": ""familiar"", ""paper_read"": ""no"", ""answer_count"": 1}"
qasper_train_1907.05664_q_710c1f8d4c137c8dad9972f5,qasper_train_1907.05664,qasper,train,Is the explanation from saliency map correct?,False,yes_no,False,"[""qasper_train_1907.05664_paragraph_00048"", ""qasper_train_1907.05664_paragraph_00035""]","[""We showed that in some cases the saliency maps are truthful to the network's computation, meaning that they do highlight the input features that the network focused on. But we also showed that in some cases the saliency maps seem to not capture the important input features. This brought us to discuss the fact that these attributions are not sufficient by themselves, and that we need to define the counter-factual case and test it to measure how truthful the saliency maps are."", ""The second observation we can make is that the saliency map doesn't seem to highlight the right things in the input for the summary it generates. The saliency maps on Figure 3 correspond to the summary from Figure 1 , and we don't see the word “video\"" highlighted in the input text, which seems to be important for the output."", ""But we also showed that in some cases the saliency maps seem to not capture the important input features."", ""The second observation we can make is that the saliency map doesn't seem to highlight the right things in the input for the summary it generates""]",1.0,evidence_qa,nlp=five;topic=familiar;paper_read=no,710c1f8d4c137c8dad9972f5ceacdbf8004db208,"{""nlp_background"": ""five"", ""topic_background"": ""familiar"", ""paper_read"": ""no"", ""answer_count"": 1}"
qasper_train_1910.14497_q_47726be8641e1b864f17f85d,qasper_train_1910.14497,qasper,train,How is embedding quality assessed?,"We compare this method of bias mitigation with the no bias mitigation (""Orig""), geometric bias mitigation (""Geo""), the two pieces of our method alone (""Prob"" and ""KNN"") and the composite method (""KNN+Prob""). We note that the composite method performs reasonably well according the the RIPA metric, and much better than traditional geometric bias mitigation according to the neighborhood metric, without significant performance loss according to the accepted benchmarks. To our knowledge this is the first bias mitigation method to perform reasonably both on both metrics.",unanswerable,True,"[""qasper_train_1910.14497_paragraph_00031"", ""qasper_train_1910.14497_paragraph_00032"", ""qasper_train_1910.14497_paragraph_00033""]","[""We evaluate our framework on fastText embeddings trained on Wikipedia (2017), UMBC webbase corpus and statmt.org news dataset (16B tokens) BIBREF11. For simplicity, only the first 22000 words are used in all embeddings, though preliminary results indicate the findings extend to the full corpus. For our novel methods of mitigating bias, a shallow neural network is used to adjust the embedding. The single layer of the model is an embedding layer with weights initialized to those of the original embedding. For the composite method, these weights are initialized to those of the embedding after probabilistic bias mitigation. A batch of word indices is fed into the model, which are then embedded and for which a loss value is calculated, allowing back-propagation to adjust the embeddings. For each of the models, a fixed number of iterations is used to prevent overfitting, which can eventually hurt performance on the embedding benchmarks (See Figure FIGREF12). We evaluated the embedding after 1000 iterations, and stopped training if performance on a benchmark decreased significantly."", ""We construct a list of candidate words to debias, taken from the words used in the WEAT gender bias statistics. Words in this list should be gender neutral, and are related to the topics of career, arts, science, math, family and professions (see appendix). We note that this list can easily be expanded to include a greater proportion of words in the corpus. For example, BIBREF4 suggested a method for identifying inappropriately gendered words using unsupervised learning."", ""We compare this method of bias mitigation with the no bias mitigation (\""Orig\""), geometric bias mitigation (\""Geo\""), the two pieces of our method alone (\""Prob\"" and \""KNN\"") and the composite method (\""KNN+Prob\""). We note that the composite method performs reasonably well according the the RIPA metric, and much better than traditional geometric bias mitigation according to the neighborhood metric, without significant performance loss according to the accepted benchmarks. To our knowledge this is the first bias mitigation method to perform reasonably both on both metrics.""]",1.0,evidence_qa,nlp=five;topic=familiar;paper_read=no,47726be8641e1b864f17f85db9644ce676861576,"{""nlp_background"": ""five"", ""topic_background"": ""familiar"", ""paper_read"": ""no"", ""answer_count"": 2}"
qasper_train_1910.14497_q_8958465d1eaf81c8b781ba4d,qasper_train_1910.14497,qasper,train,What are the three measures of bias which are reduced in experiments?,"RIPA, Neighborhood Metric, WEAT",free_form,False,"[""qasper_train_1910.14497_paragraph_00011"", ""qasper_train_1910.14497_paragraph_00013"", ""qasper_train_1910.14497_paragraph_00014"", ""qasper_train_1910.14497_paragraph_00016"", ""qasper_train_1910.14497_paragraph_00018"", ""qasper_train_1910.14497_table_00071""]","[""Geometric bias mitigation uses the cosine distances between words to both measure and remove gender bias BIBREF0. This method implicitly defines bias as a geometric asymmetry between words when projected onto a subspace, such as the gender subspace constructed from a set of gender pairs such as $\\mathcal {P} = \\lbrace (he,she),(man,woman),(king,queen)...\\rbrace $. The projection of a vector $v$ onto $B$ (the subspace) is defined by $v_B = \\sum _{j=1}^{k} (v \\cdot b_j) b_j$ where a subspace $B$ is defined by k orthogonal unit vectors $B = {b_1,...,b_k}$."", ""The WEAT statistic BIBREF1 demonstrates the presence of biases in word embeddings with an effect size defined as the mean test statistic across the two word sets:"", ""Where $s$, the test statistic, is defined as: $s(w,A,B) = mean_{a \\in A} cos(w,a) - mean_{b \\in B} cos(w,a)$, and $X$,$Y$,$A$, and $B$ are groups of words for which the association is measured. Possible values range from $-2$ to 2 depending on the association of the words groups, and a value of zero indicates $X$ and $Y$ are equally associated with $A$ and $B$. See BIBREF4 for further details on WEAT."", ""The RIPA (relational inner product association) metric was developed as an alternative to WEAT, with the critique that WEAT is likely to overestimate the bias of a target attribute BIBREF4. The RIPA metric formalizes the measure of bias used in geometric bias mitigation as the inner product association of a word vector $v$ with respect to a relation vector $b$. The relation vector is constructed from the first principal component of the differences between gender word pairs. We report the absolute value of the RIPA metric as the value can be positive or negative according to the direction of the bias. A value of zero indicates a lack of bias, and the value is bound by $[-||w||,||w||]$."", ""The neighborhood bias metric proposed by BIBREF5 quantifies bias as the proportion of male socially-biased words among the $k$ nearest socially-biased male and female neighboring words, whereby biased words are obtained by projecting neutral words onto a gender relation vector. As we only examine the target word among the 1000 most socially-biased words in the vocabulary (500 male and 500 female), a word’s bias is measured as the ratio of its neighborhood of socially-biased male and socially-biased female words, so that a value of 0.5 in this metric would indicate a perfectly unbiased word, and values closer to 0 and 1 indicate stronger bias."", ""FLOAT SELECTED: Table 1: Remaining Bias (as measured by RIPA and Neighborhood metrics) in fastText embeddings for baseline (top two rows) and our (bottom three) methods. Figure 2: Remaining Bias (WEAT score)"", ""Geometric bias mitigation uses the cosine distances between words to both measure and remove gender bias BIBREF0."", ""The WEAT statistic BIBREF1 demonstrates the presence of biases in word embeddings with an effect size defined as the mean test statistic across the two word sets: Where $s$, the test statistic, is defined as: $s(w,A,B) = mean_{a \\in A} cos(w,a) - mean_{b \\in B} cos(w,a)$, and $X$,$Y$,$A$, and $B$ are groups of words for which the association is measured."", ""The RIPA (relational inner product association) metric was developed as an alternative to WEAT, with the critique that WEAT is likely to overestimate the bias of a target attribute BIBREF4."", ""The neighborhood bias metric proposed by BIBREF5 quantifies bias as the proportion of male socially-biased words among the $k$ nearest socially-biased male and female neighboring words, whereby biased words are obtained by projecting neutral words onto a gender relation vector.""]",0.99,evidence_qa,nlp=five;topic=familiar;paper_read=no,8958465d1eaf81c8b781ba4d764a4f5329f026aa,"{""nlp_background"": ""five"", ""topic_background"": ""familiar"", ""paper_read"": ""no"", ""answer_count"": 1}"
qasper_train_1910.14497_q_31b6544346e9a31d656e197a,qasper_train_1910.14497,qasper,train,What are the probabilistic observations which contribute to the more robust algorithm?,UNANSWERABLE,unanswerable,True,[],[],,evidence_qa,nlp=five;topic=familiar;paper_read=no,31b6544346e9a31d656e197ad01756813ee89422,"{""nlp_background"": ""five"", ""topic_background"": ""familiar"", ""paper_read"": ""no"", ""answer_count"": 1}"
qasper_train_1912.02481_q_347e86893e8002024c2d10f6,qasper_train_1912.02481,qasper,train,What turn out to be more important high volume or high quality data?,only high-quality data helps | high-quality,extractive,False,"[""qasper_train_1912.02481_paragraph_00060""]","[""The Spearman $\\rho $ correlation for fastText models on the curated small dataset (clean), C1, improves the baselines by a large margin ($\\rho =0.354$ for Twi and 0.322 for Yorùbá) even with a small dataset. The improvement could be justified just by the larger vocabulary in Twi, but in the case of Yorùbá the enhancement is there with almost half of the vocabulary size. We found out that adding some noisy texts (C2 dataset) slightly improves the correlation for Twi language but not for the Yorùbá language. The Twi language benefits from Wikipedia articles because its inclusion doubles the vocabulary and reduces the bias of the model towards religious texts. However, for Yorùbá, noisy texts often ignore diacritics or tonal marks which increases the vocabulary size at the cost of an increment in the ambiguity too. As a result, the correlation is slightly hurt. One would expect that training with more data would improve the quality of the embeddings, but we found out with the results obtained with the C3 dataset, that only high-quality data helps. The addition of JW300 boosts the vocabulary in both cases, but whereas for Twi the corpus mixes dialects and is noisy, for Yorùbá it is very clean and with full diacritics. Consequently, the best embeddings for Yorùbá are obtained when training with the C3 dataset, whereas for Twi, C2 is the best option. In both cases, the curated embeddings improve the correlation with human judgements on the similarity task a $\\Delta \\rho =+0.25$ or, equivalently, by an increment on $\\rho $ of 170% (Twi) and 180% (Yorùbá)."", ""One would expect that training with more data would improve the quality of the embeddings, but we found out with the results obtained with the C3 dataset, that only high-quality data helps.""]",0.98505,evidence_qa,nlp=zero;topic=unfamiliar;paper_read=no,347e86893e8002024c2d10f618ca98e14689675f,"{""nlp_background"": ""zero"", ""topic_background"": ""unfamiliar"", ""paper_read"": ""no"", ""answer_count"": 2}"
qasper_train_1912.02481_q_10091275f777e0c2890c3ac0,qasper_train_1912.02481,qasper,train,How much is model improved by massive data and how much by quality?,UNANSWERABLE,unanswerable,True,[],[],,evidence_qa,nlp=zero;topic=unfamiliar;paper_read=no,10091275f777e0c2890c3ac0fd0a7d8e266b57cf,"{""nlp_background"": ""zero"", ""topic_background"": ""unfamiliar"", ""paper_read"": ""no"", ""answer_count"": 1}"
qasper_train_1912.02481_q_cbf1137912a47262314c94d3,qasper_train_1912.02481,qasper,train,What two architectures are used?,fastText | CWE-LP,extractive,False,"[""qasper_train_1912.02481_paragraph_00054"", ""qasper_train_1912.02481_paragraph_00062""]","[""As a first experiment, we compare the quality of fastText embeddings trained on (high-quality) curated data and (low-quality) massively extracted data for Twi and Yorùbá languages."", ""The huge ambiguity in the written Twi language motivates the exploration of different approaches to word embedding estimations. In this work, we compare the standard fastText methodology to include sub-word information with the character-enhanced approach with position-based clustered embeddings (CWE-LP as introduced in Section SECREF17). With the latter, we expect to specifically address the ambiguity present in a language that does not translate the different oral tones on vowels into the written language."", ""The huge ambiguity in the written Twi language motivates the exploration of different approaches to word embedding estimations. In this work, we compare the standard fastText methodology to include sub-word information with the character-enhanced approach with position-based clustered embeddings (CWE-LP as introduced in Section SECREF17).""]",1.0,evidence_qa,nlp=zero;topic=unfamiliar;paper_read=no,cbf1137912a47262314c94d36ced3232d5fa1926,"{""nlp_background"": ""zero"", ""topic_background"": ""unfamiliar"", ""paper_read"": ""no"", ""answer_count"": 1}"
qasper_train_1810.04528_q_519db0922376ce1e87fcdeda,qasper_train_1810.04528,qasper,train,Does this paper target European or Brazilian Portuguese?,UNANSWERABLE,unanswerable,True,[],[],,evidence_qa,nlp=five;topic=familiar;paper_read=no,519db0922376ce1e87fcdedaa626d665d9f3e8ce,"{""nlp_background"": ""five"", ""topic_background"": ""familiar"", ""paper_read"": ""no"", ""answer_count"": 2}"
qasper_train_1810.04528_q_99a10823623f78dbff9ccecb,qasper_train_1810.04528,qasper,train,What were the word embeddings trained on?,large Portuguese corpus,extractive,False,"[""qasper_train_1810.04528_paragraph_00015"", ""qasper_train_1810.04528_paragraph_00020""]","[""In BIBREF14 , several word embedding models trained in a large Portuguese corpus are evaluated. Within the Word2Vec model, two training strategies were used. In the first, namely Skip-Gram, the model is given the word and attempts to predict its neighboring words. The second, Continuous Bag-of-Words (CBOW), the model is given the sequence of words without the middle one and attempts to predict this omitted word. The latter was chosen for application in the present proposal."", ""Using the word2vec model available in a public repository BIBREF14 , the proposal involves the analysis of the most similar analogies generated before and after the application of the BIBREF3 . The work is focused on the analysis of gender bias associated with professions in word embeddings. So therefore into the evaluation of the accuracy of the associations generated, aiming at achieving results as good as possible without prejudicing the evaluation metrics."", ""In BIBREF14 , several word embedding models trained in a large Portuguese corpus are evaluated."", ""Using the word2vec model available in a public repository BIBREF14 , the proposal involves the analysis of the most similar analogies generated before and after the application of the BIBREF3 .""]",1.0,evidence_qa,nlp=five;topic=familiar;paper_read=no,99a10823623f78dbff9ccecb210f187105a196e9,"{""nlp_background"": ""five"", ""topic_background"": ""familiar"", ""paper_read"": ""no"", ""answer_count"": 1}"
qasper_train_1810.04528_q_09f0dce416a1e40cc6a24a8b,qasper_train_1810.04528,qasper,train,Which word embeddings are analysed?,Continuous Bag-of-Words (CBOW),extractive,False,"[""qasper_train_1810.04528_paragraph_00015""]","[""In BIBREF14 , several word embedding models trained in a large Portuguese corpus are evaluated. Within the Word2Vec model, two training strategies were used. In the first, namely Skip-Gram, the model is given the word and attempts to predict its neighboring words. The second, Continuous Bag-of-Words (CBOW), the model is given the sequence of words without the middle one and attempts to predict this omitted word. The latter was chosen for application in the present proposal."", ""The second, Continuous Bag-of-Words (CBOW), the model is given the sequence of words without the middle one and attempts to predict this omitted word.""]",1.0,evidence_qa,nlp=five;topic=familiar;paper_read=no,09f0dce416a1e40cc6a24a8b42a802747d2c9363,"{""nlp_background"": ""five"", ""topic_background"": ""familiar"", ""paper_read"": ""no"", ""answer_count"": 1}"
